[{
        "level": 1,
        "title": "Lernen weltweit & Bildungsgeschichte",
        "avatar": "avatar_level1.png",
        "avatarSuccess": "avatar_level1_happy.png",
        "avatarFail": "avatar_level1_sad.png",
        "questions": [{
                "question": "Welches Land ist bekannt für sein besonders erfolgreiches Bildungssystem mit wenig Hausaufgaben?",
                "options": ["USA", "Finnland", "Japan"],
                "answer": 1
            },
            {
                "question": "Was war das Ziel der antiken sokratischen Methode?",
                "options": [
                    "Wissen durch Auswendiglernen",
                    "Kritisches Denken durch Fragen",
                    "Lernen durch Sportübungen"
                ],
                "answer": 1
            },
            {
                "question": "Was zeichnet das traditionelle Lernen in indigenen Kulturen aus?",
                "options": [
                    "Statischer Frontalunterricht",
                    "Lernen durch Beobachtung und Nachahmung",
                    "Leistungsdruck durch Prüfungen"
                ],
                "answer": 1
            },
            {
                "question": "Welcher Begriff steht für die Anpassungsfähigkeit des Gehirns durch Lernen?",
                "options": ["Neurotransmission", "Neuroplastizität", "Neuronendichte"],
                "answer": 1
            },
            {
                "question": "Wie lernen Kinder laut dem Konzept der 'Zone der nächsten Entwicklung' (Vygotsky)?",
                "options": [
                    "Nur durch Selbststudium",
                    "Mit Unterstützung über den aktuellen Stand hinaus",
                    "Durch Schlaf und Träumen"
                ],
                "answer": 1
            }
        ]
    },
    {
        "level": 2,
        "title": "Gehirngerechtes Lernen & Arbeitsgedächtnis",
        "avatar": "avatar_level2.png",
        "avatarSuccess": "avatar_level2_happy.png",
        "avatarFail": "avatar_level2_sad.png",
        "questions": [{
                "question": "Was versteht man unter dem Prinzip 'Chunking' beim Lernen?",
                "options": [
                    "Pausen beim Lernen",
                    "Lernen durch Bewegung",
                    "Gliederung großer Inhalte in sinnvolle Einheiten"
                ],
                "answer": 2
            },
            {
                "question": "Welche Methode stärkt das Langzeitgedächtnis am wirksamsten?",
                "options": ["Intensives Kurzzeitlernen", "Wiederholung in Abständen", "Nur einmaliges Durchlesen"],
                "answer": 1
            },
            {
                "question": "Was passiert im Arbeitsgedächtnis während des Lernens?",
                "options": [
                    "Langfristige Speicherung von Wissen",
                    "Verarbeitung und kurzfristiges Behalten",
                    "Automatisches Lernen im Schlaf"
                ],
                "answer": 1
            },
            {
                "question": "Warum ist Multitasking beim Lernen laut Studien kontraproduktiv?",
                "options": ["Es spart Zeit", "Es verbessert den Fokus", "Es verringert die Aufmerksamkeit"],
                "answer": 2
            },
            {
                "question": "Wie viele Informationseinheiten kann das Arbeitsgedächtnis gleichzeitig etwa speichern?",
                "options": ["2–3 Einheiten", "5–9 Einheiten", "20–30 Einheiten"],
                "answer": 1
            },
            {
                "question": "Was ist ein gutes Beispiel für gehirngerechtes Lernen?",
                "options": ["Durchlernen ohne Pause", "Visualisierung und Wiederholung", "Spontanes Raten"],
                "answer": 1
            }
        ]
    },
    {
        "level": 3,
        "title": "Lernumgebung & Selbstorganisation",
        "avatar": "avatar_level3.png",
        "avatarSuccess": "avatar_level3_happy.png",
        "avatarFail": "avatar_level3_sad.png",
        "questions": [{
                "question": "Was fördert laut Forschung die Konzentration beim Lernen?",
                "options": ["Handymusik im Hintergrund", "Ein ruhiger, aufgeräumter Arbeitsplatz", "Lernen im Bett"],
                "answer": 1
            },
            {
                "question": "Welche Methode unterstützt laut Studien eine effektive Lernorganisation?",
                "options": ["Spontanes Lernen ohne Plan", "Lernplan mit festen Zeiten", "Lernen, wenn man Lust hat"],
                "answer": 1
            },
            {
                "question": "Wie lange sollte eine Lernpause mindestens dauern, um den Fokus zu erhalten?",
                "options": ["1 Minute", "5–10 Minuten", "60 Minuten"],
                "answer": 1
            },
            {
                "question": "Was hilft nachweislich beim Zeitmanagement im Lernalltag?",
                "options": ["Prokrastinieren", "To-do-Liste und Zeitblöcke", "Alles auf einmal erledigen"],
                "answer": 1
            },
            {
                "question": "Was stört häufig die Konzentration beim Lernen?",
                "options": ["Strukturierte Aufgaben", "Push-Nachrichten vom Handy", "Lernziele notieren"],
                "answer": 1
            },
            {
                "question": "Warum sind Lernroutinen aus neurowissenschaftlicher Sicht hilfreich?",
                "options": ["Sie machen das Lernen planbar", "Sie ersetzen das Lernen", "Sie verhindern Pausen"],
                "answer": 0
            }
        ]
    }
]